topology_id,network_id,flow_id,flow_rate,flow_burst,flow_src,flow_dest,flow_of_interest
2,0,0,1.6666666666666667,10.0,0,0,-1
2,0,1,1.6666666666666667,10.0,0,1,-1
2,0,2,1.6666666666666667,10.0,0,2,1
2,0,3,1.6666666666666667,10.0,1,2,-1
2,0,4,1.6666666666666667,10.0,2,2,-1
2,1,0,1.6666666666666667,10.0,0,0,-1
2,1,1,1.6666666666666667,10.0,0,1,-1
2,1,2,1.6666666666666667,10.0,0,2,1
2,1,3,1.6666666666666667,10.0,1,2,-1
2,1,4,1.6666666666666667,10.0,2,2,-1
